test_run = require('test_run').new()
---
...
engine = test_run:get_cfg('engine')
---
...
box.execute('pragma sql_default_engine=\''..engine..'\'')
---
- row_count: 0
...
-- Initializing some things.
box.execute("CREATE TABLE t1(id INT PRIMARY KEY, a INT);")
---
- row_count: 1
...
box.execute("CREATE TABLE t2(id INT PRIMARY KEY, a INT);")
---
- row_count: 1
...
box.execute("CREATE INDEX i1 ON t1(a);")
---
- row_count: 1
...
box.execute("CREATE INDEX i1 ON t2(a);")
---
- row_count: 1
...
box.execute("INSERT INTO t1 VALUES(1, 2);")
---
- row_count: 1
...
box.execute("INSERT INTO t2 VALUES(1, 2);")
---
- row_count: 1
...
-- Analyze.
box.execute("ANALYZE;")
---
- row_count: 0
...
-- Checking the data.
box.execute("SELECT * FROM \"_sql_stat4\";")
---
- metadata:
  - name: tbl
    type: TEXT
  - name: idx
    type: TEXT
  - name: neq
    type: TEXT
  - name: nlt
    type: TEXT
  - name: ndlt
    type: TEXT
  - name: sample
    type: BLOB
  rows:
  - ['T1', 'I1', '1', '0', '0', !!binary kQI=]
  - ['T1', 'T1', '1', '0', '0', !!binary kQE=]
  - ['T2', 'I1', '1', '0', '0', !!binary kQI=]
  - ['T2', 'T2', '1', '0', '0', !!binary kQE=]
...
box.execute("SELECT * FROM \"_sql_stat1\";")
---
- metadata:
  - name: tbl
    type: TEXT
  - name: idx
    type: TEXT
  - name: stat
    type: TEXT
  rows:
  - ['T1', 'I1', '1 1']
  - ['T1', 'T1', '1 1']
  - ['T2', 'I1', '1 1']
  - ['T2', 'T2', '1 1']
...
-- Dropping an index.
box.execute("DROP INDEX i1 ON t1;")
---
- row_count: 3
...
-- Checking the DROP INDEX results.
box.execute("SELECT * FROM \"_sql_stat4\";")
---
- metadata:
  - name: tbl
    type: TEXT
  - name: idx
    type: TEXT
  - name: neq
    type: TEXT
  - name: nlt
    type: TEXT
  - name: ndlt
    type: TEXT
  - name: sample
    type: BLOB
  rows:
  - ['T1', 'T1', '1', '0', '0', !!binary kQE=]
  - ['T2', 'I1', '1', '0', '0', !!binary kQI=]
  - ['T2', 'T2', '1', '0', '0', !!binary kQE=]
...
box.execute("SELECT * FROM \"_sql_stat1\";")
---
- metadata:
  - name: tbl
    type: TEXT
  - name: idx
    type: TEXT
  - name: stat
    type: TEXT
  rows:
  - ['T1', 'T1', '1 1']
  - ['T2', 'I1', '1 1']
  - ['T2', 'T2', '1 1']
...
--Cleaning up.
box.execute("DROP TABLE t1;")
---
- row_count: 3
...
box.execute("DROP TABLE t2;")
---
- row_count: 5
...
-- Same test but dropping an INDEX ON t2.
box.execute("CREATE TABLE t1(id INT PRIMARY KEY, a INT);")
---
- row_count: 1
...
box.execute("CREATE TABLE t2(id INT PRIMARY KEY, a INT);")
---
- row_count: 1
...
box.execute("CREATE INDEX i1 ON t1(a);")
---
- row_count: 1
...
box.execute("CREATE INDEX i1 ON t2(a);")
---
- row_count: 1
...
box.execute("INSERT INTO t1 VALUES(1, 2);")
---
- row_count: 1
...
box.execute("INSERT INTO t2 VALUES(1, 2);")
---
- row_count: 1
...
-- Analyze.
box.execute("ANALYZE;")
---
- row_count: 0
...
-- Checking the data.
box.execute("SELECT * FROM \"_sql_stat4\";")
---
- metadata:
  - name: tbl
    type: TEXT
  - name: idx
    type: TEXT
  - name: neq
    type: TEXT
  - name: nlt
    type: TEXT
  - name: ndlt
    type: TEXT
  - name: sample
    type: BLOB
  rows:
  - ['T1', 'I1', '1', '0', '0', !!binary kQI=]
  - ['T1', 'T1', '1', '0', '0', !!binary kQE=]
  - ['T2', 'I1', '1', '0', '0', !!binary kQI=]
  - ['T2', 'T2', '1', '0', '0', !!binary kQE=]
...
box.execute("SELECT * FROM \"_sql_stat1\";")
---
- metadata:
  - name: tbl
    type: TEXT
  - name: idx
    type: TEXT
  - name: stat
    type: TEXT
  rows:
  - ['T1', 'I1', '1 1']
  - ['T1', 'T1', '1 1']
  - ['T2', 'I1', '1 1']
  - ['T2', 'T2', '1 1']
...
-- Dropping an index.
box.execute("DROP INDEX i1 ON t2;")
---
- row_count: 3
...
-- Checking the DROP INDEX results.
box.execute("SELECT * FROM \"_sql_stat4\";")
---
- metadata:
  - name: tbl
    type: TEXT
  - name: idx
    type: TEXT
  - name: neq
    type: TEXT
  - name: nlt
    type: TEXT
  - name: ndlt
    type: TEXT
  - name: sample
    type: BLOB
  rows:
  - ['T1', 'I1', '1', '0', '0', !!binary kQI=]
  - ['T1', 'T1', '1', '0', '0', !!binary kQE=]
  - ['T2', 'T2', '1', '0', '0', !!binary kQE=]
...
box.execute("SELECT * FROM \"_sql_stat1\";")
---
- metadata:
  - name: tbl
    type: TEXT
  - name: idx
    type: TEXT
  - name: stat
    type: TEXT
  rows:
  - ['T1', 'I1', '1 1']
  - ['T1', 'T1', '1 1']
  - ['T2', 'T2', '1 1']
...
--Cleaning up.
box.execute("DROP TABLE t1;")
---
- row_count: 5
...
box.execute("DROP TABLE t2;")
---
- row_count: 3
...
